-- ============================================================
-- Lean Gain — seed data (generated from legacy content).
-- Run AFTER 0001_init.sql. Safe to re-run (idempotent upserts).
-- ============================================================

-- meal templates
insert into public.meal_templates (id, total_kcal, total_protein, sort) values ('T1', 2860, 125, 0) on conflict (id) do update set total_kcal = excluded.total_kcal, total_protein = excluded.total_protein, sort = excluded.sort;
insert into public.meal_templates (id, total_kcal, total_protein, sort) values ('T2', 2710, 110, 1) on conflict (id) do update set total_kcal = excluded.total_kcal, total_protein = excluded.total_protein, sort = excluded.sort;
insert into public.meal_templates (id, total_kcal, total_protein, sort) values ('T3', 2620, 114, 2) on conflict (id) do update set total_kcal = excluded.total_kcal, total_protein = excluded.total_protein, sort = excluded.sort;
insert into public.meal_templates (id, total_kcal, total_protein, sort) values ('T4', 2570, 107, 3) on conflict (id) do update set total_kcal = excluded.total_kcal, total_protein = excluded.total_protein, sort = excluded.sort;
insert into public.meal_templates (id, total_kcal, total_protein, sort) values ('T5', 2590, 112, 4) on conflict (id) do update set total_kcal = excluded.total_kcal, total_protein = excluded.total_protein, sort = excluded.sort;
insert into public.meal_templates (id, total_kcal, total_protein, sort) values ('T6', 2540, 102, 5) on conflict (id) do update set total_kcal = excluded.total_kcal, total_protein = excluded.total_protein, sort = excluded.sort;
insert into public.meal_templates (id, total_kcal, total_protein, sort) values ('T7', 2510, 103, 6) on conflict (id) do update set total_kcal = excluded.total_kcal, total_protein = excluded.total_protein, sort = excluded.sort;
insert into public.meal_templates (id, total_kcal, total_protein, sort) values ('T8', 2640, 105, 7) on conflict (id) do update set total_kcal = excluded.total_kcal, total_protein = excluded.total_protein, sort = excluded.sort;
insert into public.meal_templates (id, total_kcal, total_protein, sort) values ('T9', 2550, 107, 8) on conflict (id) do update set total_kcal = excluded.total_kcal, total_protein = excluded.total_protein, sort = excluded.sort;
insert into public.meal_templates (id, total_kcal, total_protein, sort) values ('T10', 2580, 111, 9) on conflict (id) do update set total_kcal = excluded.total_kcal, total_protein = excluded.total_protein, sort = excluded.sort;
insert into public.meal_templates (id, total_kcal, total_protein, sort) values ('T11', 2560, 108, 10) on conflict (id) do update set total_kcal = excluded.total_kcal, total_protein = excluded.total_protein, sort = excluded.sort;
insert into public.meal_templates (id, total_kcal, total_protein, sort) values ('T12', 2710, 115, 11) on conflict (id) do update set total_kcal = excluded.total_kcal, total_protein = excluded.total_protein, sort = excluded.sort;

-- template meals
insert into public.template_meals (template_id, slot, time_label, meal_label, items, kcal, protein) values ('T1', 0, '7:00 AM', 'Wake-Up', 'Warm milk (250ml), 6 soaked almonds, 2 dates', 260, 9) on conflict (template_id, slot) do update set time_label = excluded.time_label, meal_label = excluded.meal_label, items = excluded.items, kcal = excluded.kcal, protein = excluded.protein;
insert into public.template_meals (template_id, slot, time_label, meal_label, items, kcal, protein) values ('T1', 1, '9:00 AM', 'Breakfast', '4-egg omelette + 2 whole wheat rotis', 520, 28) on conflict (template_id, slot) do update set time_label = excluded.time_label, meal_label = excluded.meal_label, items = excluded.items, kcal = excluded.kcal, protein = excluded.protein;
insert into public.template_meals (template_id, slot, time_label, meal_label, items, kcal, protein) values ('T1', 2, '11:30 AM', 'Mid-Morning', 'Banana + small handful roasted peanuts', 260, 8) on conflict (template_id, slot) do update set time_label = excluded.time_label, meal_label = excluded.meal_label, items = excluded.items, kcal = excluded.kcal, protein = excluded.protein;
insert into public.template_meals (template_id, slot, time_label, meal_label, items, kcal, protein) values ('T1', 3, '1:30 PM', 'Lunch', '2 chapatis, 3/4 cup rice, 150g chicken curry, 1 small bowl dal, salad', 620, 32) on conflict (template_id, slot) do update set time_label = excluded.time_label, meal_label = excluded.meal_label, items = excluded.items, kcal = excluded.kcal, protein = excluded.protein;
insert into public.template_meals (template_id, slot, time_label, meal_label, items, kcal, protein) values ('T1', 4, '4:00 PM', 'Evening', 'Peanut butter (2 tbsp) on 1 slice toast + banana', 380, 12) on conflict (template_id, slot) do update set time_label = excluded.time_label, meal_label = excluded.meal_label, items = excluded.items, kcal = excluded.kcal, protein = excluded.protein;
insert into public.template_meals (template_id, slot, time_label, meal_label, items, kcal, protein) values ('T1', 5, '7:30 PM', 'Dinner', '2 chapatis, 150g paneer bhurji, cooked vegetables', 560, 26) on conflict (template_id, slot) do update set time_label = excluded.time_label, meal_label = excluded.meal_label, items = excluded.items, kcal = excluded.kcal, protein = excluded.protein;
insert into public.template_meals (template_id, slot, time_label, meal_label, items, kcal, protein) values ('T1', 6, '10:00 PM', 'Bedtime', 'Warm milk (250ml) + 1 tbsp peanut butter', 260, 10) on conflict (template_id, slot) do update set time_label = excluded.time_label, meal_label = excluded.meal_label, items = excluded.items, kcal = excluded.kcal, protein = excluded.protein;
insert into public.template_meals (template_id, slot, time_label, meal_label, items, kcal, protein) values ('T2', 0, '7:00 AM', 'Wake-Up', 'Banana + 2 walnuts + 1 date', 210, 4) on conflict (template_id, slot) do update set time_label = excluded.time_label, meal_label = excluded.meal_label, items = excluded.items, kcal = excluded.kcal, protein = excluded.protein;
insert into public.template_meals (template_id, slot, time_label, meal_label, items, kcal, protein) values ('T2', 1, '9:00 AM', 'Breakfast', 'Oats cooked in milk with banana, peanut butter, dry fruits', 540, 20) on conflict (template_id, slot) do update set time_label = excluded.time_label, meal_label = excluded.meal_label, items = excluded.items, kcal = excluded.kcal, protein = excluded.protein;
insert into public.template_meals (template_id, slot, time_label, meal_label, items, kcal, protein) values ('T2', 2, '11:30 AM', 'Mid-Morning', 'Apple + roasted chana (small handful)', 220, 9) on conflict (template_id, slot) do update set time_label = excluded.time_label, meal_label = excluded.meal_label, items = excluded.items, kcal = excluded.kcal, protein = excluded.protein;
insert into public.template_meals (template_id, slot, time_label, meal_label, items, kcal, protein) values ('T2', 3, '1:30 PM', 'Lunch', 'Rajma chawal (3/4 cup rice, 1 bowl rajma) + curd', 600, 24) on conflict (template_id, slot) do update set time_label = excluded.time_label, meal_label = excluded.meal_label, items = excluded.items, kcal = excluded.kcal, protein = excluded.protein;
insert into public.template_meals (template_id, slot, time_label, meal_label, items, kcal, protein) values ('T2', 4, '4:00 PM', 'Evening', 'Mango/banana smoothie (small glass, 200ml)', 320, 10) on conflict (template_id, slot) do update set time_label = excluded.time_label, meal_label = excluded.meal_label, items = excluded.items, kcal = excluded.kcal, protein = excluded.protein;
insert into public.template_meals (template_id, slot, time_label, meal_label, items, kcal, protein) values ('T2', 5, '7:30 PM', 'Dinner', 'Grilled chicken (150g) + 2 rotis + sautéed vegetables', 560, 34) on conflict (template_id, slot) do update set time_label = excluded.time_label, meal_label = excluded.meal_label, items = excluded.items, kcal = excluded.kcal, protein = excluded.protein;
insert into public.template_meals (template_id, slot, time_label, meal_label, items, kcal, protein) values ('T2', 6, '10:00 PM', 'Bedtime', 'Warm milk (250ml) + 4 walnuts', 260, 9) on conflict (template_id, slot) do update set time_label = excluded.time_label, meal_label = excluded.meal_label, items = excluded.items, kcal = excluded.kcal, protein = excluded.protein;
insert into public.template_meals (template_id, slot, time_label, meal_label, items, kcal, protein) values ('T3', 0, '7:00 AM', 'Wake-Up', 'Warm milk (250ml) + 2 dates', 220, 8) on conflict (template_id, slot) do update set time_label = excluded.time_label, meal_label = excluded.meal_label, items = excluded.items, kcal = excluded.kcal, protein = excluded.protein;
insert into public.template_meals (template_id, slot, time_label, meal_label, items, kcal, protein) values ('T3', 1, '9:00 AM', 'Breakfast', '4-egg omelette + butter toast (2 slices)', 500, 27) on conflict (template_id, slot) do update set time_label = excluded.time_label, meal_label = excluded.meal_label, items = excluded.items, kcal = excluded.kcal, protein = excluded.protein;
insert into public.template_meals (template_id, slot, time_label, meal_label, items, kcal, protein) values ('T3', 2, '11:30 AM', 'Mid-Morning', 'Dates (3) + almonds (6)', 240, 5) on conflict (template_id, slot) do update set time_label = excluded.time_label, meal_label = excluded.meal_label, items = excluded.items, kcal = excluded.kcal, protein = excluded.protein;
insert into public.template_meals (template_id, slot, time_label, meal_label, items, kcal, protein) values ('T3', 3, '1:30 PM', 'Lunch', 'Paneer pulao (1 cup) + raita', 610, 24) on conflict (template_id, slot) do update set time_label = excluded.time_label, meal_label = excluded.meal_label, items = excluded.items, kcal = excluded.kcal, protein = excluded.protein;
insert into public.template_meals (template_id, slot, time_label, meal_label, items, kcal, protein) values ('T3', 4, '4:00 PM', 'Evening', 'Fruit chaat (banana, apple, pomegranate) + roasted peanuts', 300, 8) on conflict (template_id, slot) do update set time_label = excluded.time_label, meal_label = excluded.meal_label, items = excluded.items, kcal = excluded.kcal, protein = excluded.protein;
insert into public.template_meals (template_id, slot, time_label, meal_label, items, kcal, protein) values ('T3', 5, '7:30 PM', 'Dinner', 'Chicken keema (150g) + 2 chapatis', 580, 34) on conflict (template_id, slot) do update set time_label = excluded.time_label, meal_label = excluded.meal_label, items = excluded.items, kcal = excluded.kcal, protein = excluded.protein;
insert into public.template_meals (template_id, slot, time_label, meal_label, items, kcal, protein) values ('T3', 6, '10:00 PM', 'Bedtime', 'Warm milk (250ml)', 170, 8) on conflict (template_id, slot) do update set time_label = excluded.time_label, meal_label = excluded.meal_label, items = excluded.items, kcal = excluded.kcal, protein = excluded.protein;
insert into public.template_meals (template_id, slot, time_label, meal_label, items, kcal, protein) values ('T4', 0, '7:00 AM', 'Wake-Up', 'Small glass milk + 2 walnuts', 200, 7) on conflict (template_id, slot) do update set time_label = excluded.time_label, meal_label = excluded.meal_label, items = excluded.items, kcal = excluded.kcal, protein = excluded.protein;
insert into public.template_meals (template_id, slot, time_label, meal_label, items, kcal, protein) values ('T4', 1, '9:00 AM', 'Breakfast', 'Vegetable poha + 2 boiled eggs', 480, 22) on conflict (template_id, slot) do update set time_label = excluded.time_label, meal_label = excluded.meal_label, items = excluded.items, kcal = excluded.kcal, protein = excluded.protein;
insert into public.template_meals (template_id, slot, time_label, meal_label, items, kcal, protein) values ('T4', 2, '11:30 AM', 'Mid-Morning', 'Banana', 150, 2) on conflict (template_id, slot) do update set time_label = excluded.time_label, meal_label = excluded.meal_label, items = excluded.items, kcal = excluded.kcal, protein = excluded.protein;
insert into public.template_meals (template_id, slot, time_label, meal_label, items, kcal, protein) values ('T4', 3, '1:30 PM', 'Lunch', '1 cup rice, dal, 150g paneer curry, salad', 600, 26) on conflict (template_id, slot) do update set time_label = excluded.time_label, meal_label = excluded.meal_label, items = excluded.items, kcal = excluded.kcal, protein = excluded.protein;
insert into public.template_meals (template_id, slot, time_label, meal_label, items, kcal, protein) values ('T4', 4, '4:00 PM', 'Evening', 'Peanut butter toast (1 slice) + small banana', 340, 10) on conflict (template_id, slot) do update set time_label = excluded.time_label, meal_label = excluded.meal_label, items = excluded.items, kcal = excluded.kcal, protein = excluded.protein;
insert into public.template_meals (template_id, slot, time_label, meal_label, items, kcal, protein) values ('T4', 5, '7:30 PM', 'Dinner', 'Fish curry (150g) + 3/4 cup rice', 570, 32) on conflict (template_id, slot) do update set time_label = excluded.time_label, meal_label = excluded.meal_label, items = excluded.items, kcal = excluded.kcal, protein = excluded.protein;
insert into public.template_meals (template_id, slot, time_label, meal_label, items, kcal, protein) values ('T4', 6, '10:00 PM', 'Bedtime', 'Warm milk (250ml) + 1 tbsp honey', 230, 8) on conflict (template_id, slot) do update set time_label = excluded.time_label, meal_label = excluded.meal_label, items = excluded.items, kcal = excluded.kcal, protein = excluded.protein;
insert into public.template_meals (template_id, slot, time_label, meal_label, items, kcal, protein) values ('T5', 0, '7:00 AM', 'Wake-Up', 'Banana + 6 almonds', 220, 6) on conflict (template_id, slot) do update set time_label = excluded.time_label, meal_label = excluded.meal_label, items = excluded.items, kcal = excluded.kcal, protein = excluded.protein;
insert into public.template_meals (template_id, slot, time_label, meal_label, items, kcal, protein) values ('T5', 1, '9:00 AM', 'Breakfast', 'Banana peanut butter protein pancakes (2 small)', 480, 24) on conflict (template_id, slot) do update set time_label = excluded.time_label, meal_label = excluded.meal_label, items = excluded.items, kcal = excluded.kcal, protein = excluded.protein;
insert into public.template_meals (template_id, slot, time_label, meal_label, items, kcal, protein) values ('T5', 2, '11:30 AM', 'Mid-Morning', 'Mixed nuts (small handful)', 220, 7) on conflict (template_id, slot) do update set time_label = excluded.time_label, meal_label = excluded.meal_label, items = excluded.items, kcal = excluded.kcal, protein = excluded.protein;
insert into public.template_meals (template_id, slot, time_label, meal_label, items, kcal, protein) values ('T5', 3, '1:30 PM', 'Lunch', 'Chole (3/4 bowl) + 3/4 cup rice', 590, 22) on conflict (template_id, slot) do update set time_label = excluded.time_label, meal_label = excluded.meal_label, items = excluded.items, kcal = excluded.kcal, protein = excluded.protein;
insert into public.template_meals (template_id, slot, time_label, meal_label, items, kcal, protein) values ('T5', 4, '4:00 PM', 'Evening', 'Banana shake (200ml, milk + banana + oats)', 340, 12) on conflict (template_id, slot) do update set time_label = excluded.time_label, meal_label = excluded.meal_label, items = excluded.items, kcal = excluded.kcal, protein = excluded.protein;
insert into public.template_meals (template_id, slot, time_label, meal_label, items, kcal, protein) values ('T5', 5, '7:30 PM', 'Dinner', 'Chicken wrap (1 whole wheat tortilla, 120g chicken)', 560, 32) on conflict (template_id, slot) do update set time_label = excluded.time_label, meal_label = excluded.meal_label, items = excluded.items, kcal = excluded.kcal, protein = excluded.protein;
insert into public.template_meals (template_id, slot, time_label, meal_label, items, kcal, protein) values ('T5', 6, '10:00 PM', 'Bedtime', 'Small bowl curd + honey', 180, 9) on conflict (template_id, slot) do update set time_label = excluded.time_label, meal_label = excluded.meal_label, items = excluded.items, kcal = excluded.kcal, protein = excluded.protein;
insert into public.template_meals (template_id, slot, time_label, meal_label, items, kcal, protein) values ('T6', 0, '7:00 AM', 'Wake-Up', 'Warm milk (250ml)', 170, 8) on conflict (template_id, slot) do update set time_label = excluded.time_label, meal_label = excluded.meal_label, items = excluded.items, kcal = excluded.kcal, protein = excluded.protein;
insert into public.template_meals (template_id, slot, time_label, meal_label, items, kcal, protein) values ('T6', 1, '9:00 AM', 'Breakfast', 'Paneer sandwich (2 slices bread, 80g paneer)', 470, 22) on conflict (template_id, slot) do update set time_label = excluded.time_label, meal_label = excluded.meal_label, items = excluded.items, kcal = excluded.kcal, protein = excluded.protein;
insert into public.template_meals (template_id, slot, time_label, meal_label, items, kcal, protein) values ('T6', 2, '11:30 AM', 'Mid-Morning', 'Orange + small handful peanuts', 230, 7) on conflict (template_id, slot) do update set time_label = excluded.time_label, meal_label = excluded.meal_label, items = excluded.items, kcal = excluded.kcal, protein = excluded.protein;
insert into public.template_meals (template_id, slot, time_label, meal_label, items, kcal, protein) values ('T6', 3, '1:30 PM', 'Lunch', 'Chicken biryani (1 cup) + raita', 620, 28) on conflict (template_id, slot) do update set time_label = excluded.time_label, meal_label = excluded.meal_label, items = excluded.items, kcal = excluded.kcal, protein = excluded.protein;
insert into public.template_meals (template_id, slot, time_label, meal_label, items, kcal, protein) values ('T6', 4, '4:00 PM', 'Evening', 'Dry fruit smoothie (small glass)', 330, 9) on conflict (template_id, slot) do update set time_label = excluded.time_label, meal_label = excluded.meal_label, items = excluded.items, kcal = excluded.kcal, protein = excluded.protein;
insert into public.template_meals (template_id, slot, time_label, meal_label, items, kcal, protein) values ('T6', 5, '7:30 PM', 'Dinner', 'Dal, 2 rotis, mixed vegetables', 500, 20) on conflict (template_id, slot) do update set time_label = excluded.time_label, meal_label = excluded.meal_label, items = excluded.items, kcal = excluded.kcal, protein = excluded.protein;
insert into public.template_meals (template_id, slot, time_label, meal_label, items, kcal, protein) values ('T6', 6, '10:00 PM', 'Bedtime', 'Warm milk (250ml) + 2 dates', 220, 8) on conflict (template_id, slot) do update set time_label = excluded.time_label, meal_label = excluded.meal_label, items = excluded.items, kcal = excluded.kcal, protein = excluded.protein;
insert into public.template_meals (template_id, slot, time_label, meal_label, items, kcal, protein) values ('T7', 0, '7:00 AM', 'Wake-Up', 'Small glass milk + 2 dates', 210, 7) on conflict (template_id, slot) do update set time_label = excluded.time_label, meal_label = excluded.meal_label, items = excluded.items, kcal = excluded.kcal, protein = excluded.protein;
insert into public.template_meals (template_id, slot, time_label, meal_label, items, kcal, protein) values ('T7', 1, '9:00 AM', 'Breakfast', '2 idli + sambar + 1 boiled egg', 440, 18) on conflict (template_id, slot) do update set time_label = excluded.time_label, meal_label = excluded.meal_label, items = excluded.items, kcal = excluded.kcal, protein = excluded.protein;
insert into public.template_meals (template_id, slot, time_label, meal_label, items, kcal, protein) values ('T7', 2, '11:30 AM', 'Mid-Morning', 'Small fruit bowl (banana, apple)', 200, 2) on conflict (template_id, slot) do update set time_label = excluded.time_label, meal_label = excluded.meal_label, items = excluded.items, kcal = excluded.kcal, protein = excluded.protein;
insert into public.template_meals (template_id, slot, time_label, meal_label, items, kcal, protein) values ('T7', 3, '1:30 PM', 'Lunch', 'Chicken curry (150g) + 1 cup rice', 610, 32) on conflict (template_id, slot) do update set time_label = excluded.time_label, meal_label = excluded.meal_label, items = excluded.items, kcal = excluded.kcal, protein = excluded.protein;
insert into public.template_meals (template_id, slot, time_label, meal_label, items, kcal, protein) values ('T7', 4, '4:00 PM', 'Evening', 'Peanut chikki (small piece) + small glass milk', 340, 10) on conflict (template_id, slot) do update set time_label = excluded.time_label, meal_label = excluded.meal_label, items = excluded.items, kcal = excluded.kcal, protein = excluded.protein;
insert into public.template_meals (template_id, slot, time_label, meal_label, items, kcal, protein) values ('T7', 5, '7:30 PM', 'Dinner', 'Paneer tikka (100g) + 2 chapatis', 540, 26) on conflict (template_id, slot) do update set time_label = excluded.time_label, meal_label = excluded.meal_label, items = excluded.items, kcal = excluded.kcal, protein = excluded.protein;
insert into public.template_meals (template_id, slot, time_label, meal_label, items, kcal, protein) values ('T7', 6, '10:00 PM', 'Bedtime', 'Warm milk (250ml)', 170, 8) on conflict (template_id, slot) do update set time_label = excluded.time_label, meal_label = excluded.meal_label, items = excluded.items, kcal = excluded.kcal, protein = excluded.protein;
insert into public.template_meals (template_id, slot, time_label, meal_label, items, kcal, protein) values ('T8', 0, '7:00 AM', 'Wake-Up', 'Banana + 2 walnuts', 200, 4) on conflict (template_id, slot) do update set time_label = excluded.time_label, meal_label = excluded.meal_label, items = excluded.items, kcal = excluded.kcal, protein = excluded.protein;
insert into public.template_meals (template_id, slot, time_label, meal_label, items, kcal, protein) values ('T8', 1, '9:00 AM', 'Breakfast', 'Aloo-paneer paratha (1) + curd', 520, 20) on conflict (template_id, slot) do update set time_label = excluded.time_label, meal_label = excluded.meal_label, items = excluded.items, kcal = excluded.kcal, protein = excluded.protein;
insert into public.template_meals (template_id, slot, time_label, meal_label, items, kcal, protein) values ('T8', 2, '11:30 AM', 'Mid-Morning', 'Roasted chana (small handful)', 200, 10) on conflict (template_id, slot) do update set time_label = excluded.time_label, meal_label = excluded.meal_label, items = excluded.items, kcal = excluded.kcal, protein = excluded.protein;
insert into public.template_meals (template_id, slot, time_label, meal_label, items, kcal, protein) values ('T8', 3, '1:30 PM', 'Lunch', 'Creamy chicken rice bowl (small portion)', 640, 34) on conflict (template_id, slot) do update set time_label = excluded.time_label, meal_label = excluded.meal_label, items = excluded.items, kcal = excluded.kcal, protein = excluded.protein;
insert into public.template_meals (template_id, slot, time_label, meal_label, items, kcal, protein) values ('T8', 4, '4:00 PM', 'Evening', 'Cheese garlic toast (1 slice)', 320, 10) on conflict (template_id, slot) do update set time_label = excluded.time_label, meal_label = excluded.meal_label, items = excluded.items, kcal = excluded.kcal, protein = excluded.protein;
insert into public.template_meals (template_id, slot, time_label, meal_label, items, kcal, protein) values ('T8', 5, '7:30 PM', 'Dinner', 'Dal khichdi + small bowl curd', 520, 18) on conflict (template_id, slot) do update set time_label = excluded.time_label, meal_label = excluded.meal_label, items = excluded.items, kcal = excluded.kcal, protein = excluded.protein;
insert into public.template_meals (template_id, slot, time_label, meal_label, items, kcal, protein) values ('T8', 6, '10:00 PM', 'Bedtime', 'Warm milk (250ml) + almonds', 240, 9) on conflict (template_id, slot) do update set time_label = excluded.time_label, meal_label = excluded.meal_label, items = excluded.items, kcal = excluded.kcal, protein = excluded.protein;
insert into public.template_meals (template_id, slot, time_label, meal_label, items, kcal, protein) values ('T9', 0, '7:00 AM', 'Wake-Up', 'Small glass milk + 2 dates', 210, 7) on conflict (template_id, slot) do update set time_label = excluded.time_label, meal_label = excluded.meal_label, items = excluded.items, kcal = excluded.kcal, protein = excluded.protein;
insert into public.template_meals (template_id, slot, time_label, meal_label, items, kcal, protein) values ('T9', 1, '9:00 AM', 'Breakfast', 'Upma with peanuts + 1 boiled egg', 460, 18) on conflict (template_id, slot) do update set time_label = excluded.time_label, meal_label = excluded.meal_label, items = excluded.items, kcal = excluded.kcal, protein = excluded.protein;
insert into public.template_meals (template_id, slot, time_label, meal_label, items, kcal, protein) values ('T9', 2, '11:30 AM', 'Mid-Morning', 'Chikoo/mango (seasonal) + almonds', 220, 4) on conflict (template_id, slot) do update set time_label = excluded.time_label, meal_label = excluded.meal_label, items = excluded.items, kcal = excluded.kcal, protein = excluded.protein;
insert into public.template_meals (template_id, slot, time_label, meal_label, items, kcal, protein) values ('T9', 3, '1:30 PM', 'Lunch', 'Rajma (3/4 bowl) + rice + salad', 590, 22) on conflict (template_id, slot) do update set time_label = excluded.time_label, meal_label = excluded.meal_label, items = excluded.items, kcal = excluded.kcal, protein = excluded.protein;
insert into public.template_meals (template_id, slot, time_label, meal_label, items, kcal, protein) values ('T9', 4, '4:00 PM', 'Evening', 'High-protein white sauce pasta (small bowl)', 360, 16) on conflict (template_id, slot) do update set time_label = excluded.time_label, meal_label = excluded.meal_label, items = excluded.items, kcal = excluded.kcal, protein = excluded.protein;
insert into public.template_meals (template_id, slot, time_label, meal_label, items, kcal, protein) values ('T9', 5, '7:30 PM', 'Dinner', 'Grilled fish (150g) + sautéed vegetables + 1 roti', 540, 32) on conflict (template_id, slot) do update set time_label = excluded.time_label, meal_label = excluded.meal_label, items = excluded.items, kcal = excluded.kcal, protein = excluded.protein;
insert into public.template_meals (template_id, slot, time_label, meal_label, items, kcal, protein) values ('T9', 6, '10:00 PM', 'Bedtime', 'Warm milk (250ml)', 170, 8) on conflict (template_id, slot) do update set time_label = excluded.time_label, meal_label = excluded.meal_label, items = excluded.items, kcal = excluded.kcal, protein = excluded.protein;
insert into public.template_meals (template_id, slot, time_label, meal_label, items, kcal, protein) values ('T10', 0, '7:00 AM', 'Wake-Up', 'Warm milk (250ml) + 2 walnuts', 210, 8) on conflict (template_id, slot) do update set time_label = excluded.time_label, meal_label = excluded.meal_label, items = excluded.items, kcal = excluded.kcal, protein = excluded.protein;
insert into public.template_meals (template_id, slot, time_label, meal_label, items, kcal, protein) values ('T10', 1, '9:00 AM', 'Breakfast', 'Masala omelette roll (3 eggs, 1 roti)', 490, 26) on conflict (template_id, slot) do update set time_label = excluded.time_label, meal_label = excluded.meal_label, items = excluded.items, kcal = excluded.kcal, protein = excluded.protein;
insert into public.template_meals (template_id, slot, time_label, meal_label, items, kcal, protein) values ('T10', 2, '11:30 AM', 'Mid-Morning', 'Small handful mixed nuts', 220, 7) on conflict (template_id, slot) do update set time_label = excluded.time_label, meal_label = excluded.meal_label, items = excluded.items, kcal = excluded.kcal, protein = excluded.protein;
insert into public.template_meals (template_id, slot, time_label, meal_label, items, kcal, protein) values ('T10', 3, '1:30 PM', 'Lunch', 'Soy chunk pulao (1 cup) + curd', 580, 26) on conflict (template_id, slot) do update set time_label = excluded.time_label, meal_label = excluded.meal_label, items = excluded.items, kcal = excluded.kcal, protein = excluded.protein;
insert into public.template_meals (template_id, slot, time_label, meal_label, items, kcal, protein) values ('T10', 4, '4:00 PM', 'Evening', 'Greek yogurt fruit bowl (small)', 320, 14) on conflict (template_id, slot) do update set time_label = excluded.time_label, meal_label = excluded.meal_label, items = excluded.items, kcal = excluded.kcal, protein = excluded.protein;
insert into public.template_meals (template_id, slot, time_label, meal_label, items, kcal, protein) values ('T10', 5, '7:30 PM', 'Dinner', 'Palak paneer (100g paneer) + 2 rotis', 540, 22) on conflict (template_id, slot) do update set time_label = excluded.time_label, meal_label = excluded.meal_label, items = excluded.items, kcal = excluded.kcal, protein = excluded.protein;
insert into public.template_meals (template_id, slot, time_label, meal_label, items, kcal, protein) values ('T10', 6, '10:00 PM', 'Bedtime', 'Warm milk (250ml) + honey', 220, 8) on conflict (template_id, slot) do update set time_label = excluded.time_label, meal_label = excluded.meal_label, items = excluded.items, kcal = excluded.kcal, protein = excluded.protein;
insert into public.template_meals (template_id, slot, time_label, meal_label, items, kcal, protein) values ('T11', 0, '7:00 AM', 'Wake-Up', 'Banana + 6 soaked almonds', 230, 6) on conflict (template_id, slot) do update set time_label = excluded.time_label, meal_label = excluded.meal_label, items = excluded.items, kcal = excluded.kcal, protein = excluded.protein;
insert into public.template_meals (template_id, slot, time_label, meal_label, items, kcal, protein) values ('T11', 1, '9:00 AM', 'Breakfast', 'Paneer cheela (2 small) + mint chutney', 460, 22) on conflict (template_id, slot) do update set time_label = excluded.time_label, meal_label = excluded.meal_label, items = excluded.items, kcal = excluded.kcal, protein = excluded.protein;
insert into public.template_meals (template_id, slot, time_label, meal_label, items, kcal, protein) values ('T11', 2, '11:30 AM', 'Mid-Morning', 'Dry fruit laddoo (1 small)', 210, 4) on conflict (template_id, slot) do update set time_label = excluded.time_label, meal_label = excluded.meal_label, items = excluded.items, kcal = excluded.kcal, protein = excluded.protein;
insert into public.template_meals (template_id, slot, time_label, meal_label, items, kcal, protein) values ('T11', 3, '1:30 PM', 'Lunch', 'Dal makhani (small bowl) + rice', 590, 20) on conflict (template_id, slot) do update set time_label = excluded.time_label, meal_label = excluded.meal_label, items = excluded.items, kcal = excluded.kcal, protein = excluded.protein;
insert into public.template_meals (template_id, slot, time_label, meal_label, items, kcal, protein) values ('T11', 4, '4:00 PM', 'Evening', 'Egg fried rice (small bowl, post-workout)', 380, 18) on conflict (template_id, slot) do update set time_label = excluded.time_label, meal_label = excluded.meal_label, items = excluded.items, kcal = excluded.kcal, protein = excluded.protein;
insert into public.template_meals (template_id, slot, time_label, meal_label, items, kcal, protein) values ('T11', 5, '7:30 PM', 'Dinner', 'Chicken stew (150g chicken) + 1 roti', 520, 30) on conflict (template_id, slot) do update set time_label = excluded.time_label, meal_label = excluded.meal_label, items = excluded.items, kcal = excluded.kcal, protein = excluded.protein;
insert into public.template_meals (template_id, slot, time_label, meal_label, items, kcal, protein) values ('T11', 6, '10:00 PM', 'Bedtime', 'Warm milk (250ml)', 170, 8) on conflict (template_id, slot) do update set time_label = excluded.time_label, meal_label = excluded.meal_label, items = excluded.items, kcal = excluded.kcal, protein = excluded.protein;
insert into public.template_meals (template_id, slot, time_label, meal_label, items, kcal, protein) values ('T12', 0, '7:00 AM', 'Wake-Up', 'Small glass milk + 2 dates', 210, 7) on conflict (template_id, slot) do update set time_label = excluded.time_label, meal_label = excluded.meal_label, items = excluded.items, kcal = excluded.kcal, protein = excluded.protein;
insert into public.template_meals (template_id, slot, time_label, meal_label, items, kcal, protein) values ('T12', 1, '9:00 AM', 'Breakfast', 'Triple layer protein sandwich (peanut butter, banana, paneer)', 520, 24) on conflict (template_id, slot) do update set time_label = excluded.time_label, meal_label = excluded.meal_label, items = excluded.items, kcal = excluded.kcal, protein = excluded.protein;
insert into public.template_meals (template_id, slot, time_label, meal_label, items, kcal, protein) values ('T12', 2, '11:30 AM', 'Mid-Morning', 'Roasted peanuts (small handful) + apple', 250, 8) on conflict (template_id, slot) do update set time_label = excluded.time_label, meal_label = excluded.meal_label, items = excluded.items, kcal = excluded.kcal, protein = excluded.protein;
insert into public.template_meals (template_id, slot, time_label, meal_label, items, kcal, protein) values ('T12', 3, '1:30 PM', 'Lunch', 'Chicken curry (150g) + 2 chapatis + salad', 600, 32) on conflict (template_id, slot) do update set time_label = excluded.time_label, meal_label = excluded.meal_label, items = excluded.items, kcal = excluded.kcal, protein = excluded.protein;
insert into public.template_meals (template_id, slot, time_label, meal_label, items, kcal, protein) values ('T12', 4, '4:00 PM', 'Evening', 'Classic weight-gain shake (small glass, 200ml)', 400, 16) on conflict (template_id, slot) do update set time_label = excluded.time_label, meal_label = excluded.meal_label, items = excluded.items, kcal = excluded.kcal, protein = excluded.protein;
insert into public.template_meals (template_id, slot, time_label, meal_label, items, kcal, protein) values ('T12', 5, '7:30 PM', 'Dinner', 'Dry fruit kheer (small bowl, as dinner-side dessert) + paneer bhurji', 560, 20) on conflict (template_id, slot) do update set time_label = excluded.time_label, meal_label = excluded.meal_label, items = excluded.items, kcal = excluded.kcal, protein = excluded.protein;
insert into public.template_meals (template_id, slot, time_label, meal_label, items, kcal, protein) values ('T12', 6, '10:00 PM', 'Bedtime', 'Warm milk (250ml)', 170, 8) on conflict (template_id, slot) do update set time_label = excluded.time_label, meal_label = excluded.meal_label, items = excluded.items, kcal = excluded.kcal, protein = excluded.protein;

-- recipes
insert into public.recipes (id, name, category, kcal, protein, prep_min, ingredients, steps) values ('r1', 'Banana Peanut Butter Protein Pancakes', 'Breakfast', 480, 24, 15, '["2 bananas","2 eggs","1/2 cup oats","1 tbsp peanut butter","Pinch of cinnamon (optional)"]'::jsonb, '["Blend all ingredients into a smooth batter.","Cook on a non-stick pan, 2–3 min per side.","Serve with a drizzle of honey or fresh fruit."]'::jsonb) on conflict (id) do update set name = excluded.name, category = excluded.category, kcal = excluded.kcal, protein = excluded.protein, prep_min = excluded.prep_min, ingredients = excluded.ingredients, steps = excluded.steps;
insert into public.recipes (id, name, category, kcal, protein, prep_min, ingredients, steps) values ('r2', 'Cheesy Paneer Stuffed Paratha', 'Breakfast', 520, 22, 20, '["2 whole wheat dough balls","150g grated paneer","20–30g mozzarella","Onion, coriander, green chilli","Salt, pepper, chaat masala"]'::jsonb, '["Mix paneer, cheese and spices into a stuffing.","Roll dough, stuff, and re-roll into a paratha.","Cook on a hot tawa with a little ghee until golden. Serve with curd."]'::jsonb) on conflict (id) do update set name = excluded.name, category = excluded.category, kcal = excluded.kcal, protein = excluded.protein, prep_min = excluded.prep_min, ingredients = excluded.ingredients, steps = excluded.steps;
insert into public.recipes (id, name, category, kcal, protein, prep_min, ingredients, steps) values ('r3', 'Creamy Chicken Rice Bowl', 'Lunch/Dinner', 640, 45, 15, '["200g grilled chicken","1.5 cups cooked rice","Sautéed vegetables","2 tbsp hung curd","1 tsp butter","Black pepper, herbs"]'::jsonb, '["Toss cooked rice and vegetables with butter.","Top with grilled chicken and a dollop of hung curd.","Finish with black pepper and herbs."]'::jsonb) on conflict (id) do update set name = excluded.name, category = excluded.category, kcal = excluded.kcal, protein = excluded.protein, prep_min = excluded.prep_min, ingredients = excluded.ingredients, steps = excluded.steps;
insert into public.recipes (id, name, category, kcal, protein, prep_min, ingredients, steps) values ('r4', 'High-Protein White Sauce Pasta', 'Lunch/Dinner', 750, 30, 20, '["Whole wheat pasta","150g chicken or paneer","Milk","Cheese","Mushrooms, capsicum, corn"]'::jsonb, '["Boil pasta until al dente.","Make a quick white sauce with milk, cheese and a little flour.","Toss in cooked chicken/paneer and vegetables, simmer 3–4 min."]'::jsonb) on conflict (id) do update set name = excluded.name, category = excluded.category, kcal = excluded.kcal, protein = excluded.protein, prep_min = excluded.prep_min, ingredients = excluded.ingredients, steps = excluded.steps;
insert into public.recipes (id, name, category, kcal, protein, prep_min, ingredients, steps) values ('r5', 'Chicken or Paneer Wrap', 'Snack', 620, 32, 12, '["1 whole wheat tortilla or roti","Grilled chicken or paneer","Lettuce, onion","Cheese","Yogurt-mint sauce"]'::jsonb, '["Warm the tortilla.","Layer chicken/paneer, lettuce, onion, and cheese.","Drizzle yogurt-mint sauce, roll tightly, and slice in half."]'::jsonb) on conflict (id) do update set name = excluded.name, category = excluded.category, kcal = excluded.kcal, protein = excluded.protein, prep_min = excluded.prep_min, ingredients = excluded.ingredients, steps = excluded.steps;
insert into public.recipes (id, name, category, kcal, protein, prep_min, ingredients, steps) values ('r6', 'Mango Weight-Gain Smoothie', 'Shake', 750, 18, 5, '["300ml milk","1 ripe mango","1 banana","2 tbsp peanut butter","3 tbsp oats","5 almonds"]'::jsonb, '["Add all ingredients to a blender.","Blend until smooth.","Drink fresh — best right after or before a workout."]'::jsonb) on conflict (id) do update set name = excluded.name, category = excluded.category, kcal = excluded.kcal, protein = excluded.protein, prep_min = excluded.prep_min, ingredients = excluded.ingredients, steps = excluded.steps;
insert into public.recipes (id, name, category, kcal, protein, prep_min, ingredients, steps) values ('r7', 'Egg Fried Rice', 'Lunch/Dinner', 620, 22, 15, '["1 cup cooked rice","3 whole eggs","Mixed vegetables","Soy sauce","Garlic","A little butter"]'::jsonb, '["Scramble eggs lightly and set aside.","Sauté garlic and vegetables in butter.","Add rice, soy sauce and eggs, toss on high heat for 2–3 min."]'::jsonb) on conflict (id) do update set name = excluded.name, category = excluded.category, kcal = excluded.kcal, protein = excluded.protein, prep_min = excluded.prep_min, ingredients = excluded.ingredients, steps = excluded.steps;
insert into public.recipes (id, name, category, kcal, protein, prep_min, ingredients, steps) values ('r8', 'Triple Layer Protein Sandwich', 'Breakfast', 560, 22, 8, '["3 slices whole wheat bread","2 tbsp peanut butter","1 banana, sliced","1 tsp honey","Cottage cheese (paneer) or scrambled egg"]'::jsonb, '["Spread peanut butter on one slice, add banana.","Add the paneer/egg layer on the next slice.","Stack, drizzle honey, and press together. Slice diagonally."]'::jsonb) on conflict (id) do update set name = excluded.name, category = excluded.category, kcal = excluded.kcal, protein = excluded.protein, prep_min = excluded.prep_min, ingredients = excluded.ingredients, steps = excluded.steps;
insert into public.recipes (id, name, category, kcal, protein, prep_min, ingredients, steps) values ('r9', 'Chocolate Overnight Oats', 'Breakfast', 520, 18, 5, '["1/2 cup oats","200ml milk","1 tbsp cocoa powder","1 tbsp peanut butter","1 banana","1 tsp chia seeds"]'::jsonb, '["Mix everything in a jar.","Cover and refrigerate overnight.","Eat cold in the morning — no cooking needed."]'::jsonb) on conflict (id) do update set name = excluded.name, category = excluded.category, kcal = excluded.kcal, protein = excluded.protein, prep_min = excluded.prep_min, ingredients = excluded.ingredients, steps = excluded.steps;
insert into public.recipes (id, name, category, kcal, protein, prep_min, ingredients, steps) values ('r10', 'Chicken Keema with Butter Roti', 'Lunch/Dinner', 680, 38, 25, '["200g minced chicken","Onion, tomato, ginger-garlic","Spices (garam masala, turmeric, chilli)","3 rotis with butter"]'::jsonb, '["Sauté onion, ginger-garlic until golden.","Add keema and spices, cook covered 12–15 min.","Serve hot with buttered rotis and salad."]'::jsonb) on conflict (id) do update set name = excluded.name, category = excluded.category, kcal = excluded.kcal, protein = excluded.protein, prep_min = excluded.prep_min, ingredients = excluded.ingredients, steps = excluded.steps;
insert into public.recipes (id, name, category, kcal, protein, prep_min, ingredients, steps) values ('r11', 'Homemade Healthy Burger', 'Lunch/Dinner', 650, 34, 20, '["Whole wheat bun","Chicken breast or paneer patty","Cheese slice","Lettuce, tomato","Homemade yogurt sauce"]'::jsonb, '["Pan-sear the chicken/paneer patty until cooked through.","Toast the bun lightly.","Layer patty, cheese, lettuce, tomato and sauce."]'::jsonb) on conflict (id) do update set name = excluded.name, category = excluded.category, kcal = excluded.kcal, protein = excluded.protein, prep_min = excluded.prep_min, ingredients = excluded.ingredients, steps = excluded.steps;
insert into public.recipes (id, name, category, kcal, protein, prep_min, ingredients, steps) values ('r12', 'Paneer Bhurji with Butter Toast', 'Breakfast', 560, 26, 12, '["150g crumbled paneer","Onion, tomato, green chilli","Turmeric, cumin","4 slices buttered whole wheat toast"]'::jsonb, '["Sauté onion and tomato until soft.","Add paneer and spices, cook 3–4 min.","Serve hot with buttered toast."]'::jsonb) on conflict (id) do update set name = excluded.name, category = excluded.category, kcal = excluded.kcal, protein = excluded.protein, prep_min = excluded.prep_min, ingredients = excluded.ingredients, steps = excluded.steps;
insert into public.recipes (id, name, category, kcal, protein, prep_min, ingredients, steps) values ('r13', 'Dry Fruit Kheer', 'Dessert', 420, 12, 25, '["500ml milk","3 tbsp rice or oats","Dates, almonds, cashews, raisins","Cardamom"]'::jsonb, '["Simmer milk with rice/oats on low heat, stirring often, 15–18 min.","Add chopped dry fruits and cardamom.","Simmer another 5 min until thickened. Serve warm or chilled."]'::jsonb) on conflict (id) do update set name = excluded.name, category = excluded.category, kcal = excluded.kcal, protein = excluded.protein, prep_min = excluded.prep_min, ingredients = excluded.ingredients, steps = excluded.steps;
insert into public.recipes (id, name, category, kcal, protein, prep_min, ingredients, steps) values ('r14', 'Healthy Homemade Pizza', 'Lunch/Dinner', 700, 28, 25, '["Whole wheat pizza base/dough","Tomato sauce","Chicken or paneer topping","Mozzarella","Vegetables"]'::jsonb, '["Spread tomato sauce on the base.","Top with chicken/paneer, vegetables and mozzarella.","Bake or pan-cook covered until cheese melts."]'::jsonb) on conflict (id) do update set name = excluded.name, category = excluded.category, kcal = excluded.kcal, protein = excluded.protein, prep_min = excluded.prep_min, ingredients = excluded.ingredients, steps = excluded.steps;
insert into public.recipes (id, name, category, kcal, protein, prep_min, ingredients, steps) values ('r15', 'Greek Yogurt Fruit Bowl', 'Snack', 380, 20, 5, '["1 cup thick curd or Greek yogurt","Banana, apple, berries (if available)","1 tsp honey","Granola","Nuts"]'::jsonb, '["Layer yogurt and chopped fruit in a bowl.","Top with granola and nuts.","Drizzle honey and serve immediately."]'::jsonb) on conflict (id) do update set name = excluded.name, category = excluded.category, kcal = excluded.kcal, protein = excluded.protein, prep_min = excluded.prep_min, ingredients = excluded.ingredients, steps = excluded.steps;
insert into public.recipes (id, name, category, kcal, protein, prep_min, ingredients, steps) values ('r16', 'Classic Weight-Gain Shake', 'Shake', 780, 28, 5, '["300ml milk","2 bananas","3 tbsp oats","2 tbsp peanut butter","5 almonds","2 dates"]'::jsonb, '["Blend all ingredients until smooth.","Adjust thickness with a little more milk if needed.","Best had post-workout or as a bedtime top-up."]'::jsonb) on conflict (id) do update set name = excluded.name, category = excluded.category, kcal = excluded.kcal, protein = excluded.protein, prep_min = excluded.prep_min, ingredients = excluded.ingredients, steps = excluded.steps;
insert into public.recipes (id, name, category, kcal, protein, prep_min, ingredients, steps) values ('r17', 'Masala Omelette Roll', 'Breakfast', 490, 26, 10, '["3 eggs","Onion, tomato, green chilli, coriander","1 whole wheat roti","Salt, pepper"]'::jsonb, '["Whisk eggs with chopped vegetables and spices.","Cook as a thin omelette.","Place on a warm roti and roll up tightly."]'::jsonb) on conflict (id) do update set name = excluded.name, category = excluded.category, kcal = excluded.kcal, protein = excluded.protein, prep_min = excluded.prep_min, ingredients = excluded.ingredients, steps = excluded.steps;
insert into public.recipes (id, name, category, kcal, protein, prep_min, ingredients, steps) values ('r18', 'Paneer Cheela (Besan Pancake)', 'Breakfast', 460, 22, 15, '["1 cup besan (gram flour)","100g grated paneer","Onion, coriander, green chilli","Water, salt, turmeric"]'::jsonb, '["Whisk besan with water into a smooth batter, mix in paneer and vegetables.","Pour onto a hot greased pan like a pancake.","Cook both sides until golden. Serve with mint chutney."]'::jsonb) on conflict (id) do update set name = excluded.name, category = excluded.category, kcal = excluded.kcal, protein = excluded.protein, prep_min = excluded.prep_min, ingredients = excluded.ingredients, steps = excluded.steps;
insert into public.recipes (id, name, category, kcal, protein, prep_min, ingredients, steps) values ('r19', 'Soy Chunk Pulao', 'Lunch/Dinner', 580, 26, 25, '["1 cup rice","1/2 cup soaked soy chunks","Onion, whole spices","Mixed vegetables","Ghee"]'::jsonb, '["Sauté onion and whole spices in ghee.","Add soy chunks and vegetables, sauté 2–3 min.","Add rice and water, cook covered until done."]'::jsonb) on conflict (id) do update set name = excluded.name, category = excluded.category, kcal = excluded.kcal, protein = excluded.protein, prep_min = excluded.prep_min, ingredients = excluded.ingredients, steps = excluded.steps;
insert into public.recipes (id, name, category, kcal, protein, prep_min, ingredients, steps) values ('r20', 'Dal Makhani with Rice', 'Lunch/Dinner', 590, 20, 30, '["1 cup black dal (soaked)","Butter, cream (small amount)","Tomato, ginger-garlic","Spices","3/4 cup rice"]'::jsonb, '["Pressure cook dal until soft.","Sauté tomato and spices, add dal, simmer 15 min.","Finish with a swirl of butter/cream, serve with rice."]'::jsonb) on conflict (id) do update set name = excluded.name, category = excluded.category, kcal = excluded.kcal, protein = excluded.protein, prep_min = excluded.prep_min, ingredients = excluded.ingredients, steps = excluded.steps;
insert into public.recipes (id, name, category, kcal, protein, prep_min, ingredients, steps) values ('r21', 'Palak Paneer with Roti', 'Lunch/Dinner', 540, 22, 20, '["200g spinach, blanched and puréed","150g paneer cubes","Onion, garlic, ginger","Cream (optional)","2 rotis"]'::jsonb, '["Sauté onion, garlic, ginger until soft.","Add spinach purée and simmer 5 min.","Add paneer cubes, simmer 3–4 min, serve with rotis."]'::jsonb) on conflict (id) do update set name = excluded.name, category = excluded.category, kcal = excluded.kcal, protein = excluded.protein, prep_min = excluded.prep_min, ingredients = excluded.ingredients, steps = excluded.steps;
insert into public.recipes (id, name, category, kcal, protein, prep_min, ingredients, steps) values ('r22', 'Chicken Stew', 'Lunch/Dinner', 540, 34, 30, '["200g chicken pieces","Potato, carrot, beans","Coconut milk (small amount)","Whole spices","Curry leaves"]'::jsonb, '["Sauté whole spices and curry leaves briefly.","Add chicken and vegetables, cook 15 min.","Stir in coconut milk, simmer 5 more min. Serve warm."]'::jsonb) on conflict (id) do update set name = excluded.name, category = excluded.category, kcal = excluded.kcal, protein = excluded.protein, prep_min = excluded.prep_min, ingredients = excluded.ingredients, steps = excluded.steps;
insert into public.recipes (id, name, category, kcal, protein, prep_min, ingredients, steps) values ('r23', 'Roasted Chana & Nut Mix', 'Snack', 320, 14, 2, '["Roasted chana (chickpeas)","Peanuts","Almonds","Raisins","Pinch of chaat masala"]'::jsonb, '["Mix everything in a bowl.","Store in an airtight jar for grab-and-go snacking.","No cooking needed."]'::jsonb) on conflict (id) do update set name = excluded.name, category = excluded.category, kcal = excluded.kcal, protein = excluded.protein, prep_min = excluded.prep_min, ingredients = excluded.ingredients, steps = excluded.steps;
insert into public.recipes (id, name, category, kcal, protein, prep_min, ingredients, steps) values ('r24', 'Cheese Garlic Toast', 'Snack', 380, 12, 8, '["2 slices whole wheat bread","Butter, garlic (minced)","Grated cheese"]'::jsonb, '["Mix softened butter with minced garlic, spread on bread.","Top with grated cheese.","Toast in a pan or oven until cheese melts and bread is golden."]'::jsonb) on conflict (id) do update set name = excluded.name, category = excluded.category, kcal = excluded.kcal, protein = excluded.protein, prep_min = excluded.prep_min, ingredients = excluded.ingredients, steps = excluded.steps;
insert into public.recipes (id, name, category, kcal, protein, prep_min, ingredients, steps) values ('r25', 'Dates & Nut Energy Balls', 'Snack', 340, 8, 10, '["10 dates, pitted","Mixed nuts (almonds, cashews, walnuts)","1 tbsp peanut butter","1 tbsp cocoa powder (optional)"]'::jsonb, '["Blend dates and nuts into a sticky mixture.","Mix in peanut butter and cocoa.","Roll into small balls and refrigerate. No cooking needed."]'::jsonb) on conflict (id) do update set name = excluded.name, category = excluded.category, kcal = excluded.kcal, protein = excluded.protein, prep_min = excluded.prep_min, ingredients = excluded.ingredients, steps = excluded.steps;

-- grocery template items
delete from public.grocery_template_items;
insert into public.grocery_template_items (week, category, item, qty, price_inr, sort) values (1, 'Protein', 'Eggs', '30 pcs', 210, 0);
insert into public.grocery_template_items (week, category, item, qty, price_inr, sort) values (1, 'Protein', 'Chicken breast', '1.5 kg', 450, 1);
insert into public.grocery_template_items (week, category, item, qty, price_inr, sort) values (1, 'Protein', 'Paneer', '1 kg', 400, 2);
insert into public.grocery_template_items (week, category, item, qty, price_inr, sort) values (1, 'Protein', 'Milk', '7 L', 490, 3);
insert into public.grocery_template_items (week, category, item, qty, price_inr, sort) values (1, 'Protein', 'Curd', '1 kg', 90, 4);
insert into public.grocery_template_items (week, category, item, qty, price_inr, sort) values (1, 'Protein', 'Dal (mixed)', '1 kg', 140, 5);
insert into public.grocery_template_items (week, category, item, qty, price_inr, sort) values (1, 'Carbs', 'Rice', '3 kg', 240, 6);
insert into public.grocery_template_items (week, category, item, qty, price_inr, sort) values (1, 'Carbs', 'Whole wheat flour', '2 kg', 110, 7);
insert into public.grocery_template_items (week, category, item, qty, price_inr, sort) values (1, 'Carbs', 'Oats', '500 g', 150, 8);
insert into public.grocery_template_items (week, category, item, qty, price_inr, sort) values (1, 'Carbs', 'Whole wheat bread', '2 loaves', 100, 9);
insert into public.grocery_template_items (week, category, item, qty, price_inr, sort) values (1, 'Fats & Nuts', 'Peanut butter', '1 jar (500g)', 350, 10);
insert into public.grocery_template_items (week, category, item, qty, price_inr, sort) values (1, 'Fats & Nuts', 'Almonds', '250 g', 300, 11);
insert into public.grocery_template_items (week, category, item, qty, price_inr, sort) values (1, 'Fats & Nuts', 'Walnuts', '150 g', 250, 12);
insert into public.grocery_template_items (week, category, item, qty, price_inr, sort) values (1, 'Fats & Nuts', 'Mixed dry fruits', '200 g', 220, 13);
insert into public.grocery_template_items (week, category, item, qty, price_inr, sort) values (1, 'Fruits & Veg', 'Bananas', '14 pcs', 140, 14);
insert into public.grocery_template_items (week, category, item, qty, price_inr, sort) values (1, 'Fruits & Veg', 'Seasonal fruit (apple/mango)', '1 kg', 150, 15);
insert into public.grocery_template_items (week, category, item, qty, price_inr, sort) values (1, 'Fruits & Veg', 'Mixed vegetables', '3 kg', 240, 16);
insert into public.grocery_template_items (week, category, item, qty, price_inr, sort) values (1, 'Fruits & Veg', 'Onions, tomatoes', '2 kg', 120, 17);
insert into public.grocery_template_items (week, category, item, qty, price_inr, sort) values (2, 'Protein', 'Eggs', '24 pcs', 170, 18);
insert into public.grocery_template_items (week, category, item, qty, price_inr, sort) values (2, 'Protein', 'Fish (any local)', '1 kg', 400, 19);
insert into public.grocery_template_items (week, category, item, qty, price_inr, sort) values (2, 'Protein', 'Chicken (keema/curry cut)', '1 kg', 300, 20);
insert into public.grocery_template_items (week, category, item, qty, price_inr, sort) values (2, 'Protein', 'Milk', '7 L', 490, 21);
insert into public.grocery_template_items (week, category, item, qty, price_inr, sort) values (2, 'Protein', 'Soy chunks', '250 g', 90, 22);
insert into public.grocery_template_items (week, category, item, qty, price_inr, sort) values (2, 'Protein', 'Rajma / chole', '1 kg', 150, 23);
insert into public.grocery_template_items (week, category, item, qty, price_inr, sort) values (2, 'Carbs', 'Rice', '3 kg', 240, 24);
insert into public.grocery_template_items (week, category, item, qty, price_inr, sort) values (2, 'Carbs', 'Whole wheat flour', '2 kg', 110, 25);
insert into public.grocery_template_items (week, category, item, qty, price_inr, sort) values (2, 'Carbs', 'Whole wheat pasta', '500 g', 130, 26);
insert into public.grocery_template_items (week, category, item, qty, price_inr, sort) values (2, 'Carbs', 'Poha / idli rice', '1 kg', 90, 27);
insert into public.grocery_template_items (week, category, item, qty, price_inr, sort) values (2, 'Fats & Nuts', 'Peanuts (raw/roasted)', '500 g', 150, 28);
insert into public.grocery_template_items (week, category, item, qty, price_inr, sort) values (2, 'Fats & Nuts', 'Cashews', '150 g', 280, 29);
insert into public.grocery_template_items (week, category, item, qty, price_inr, sort) values (2, 'Fats & Nuts', 'Ghee', '500 g', 350, 30);
insert into public.grocery_template_items (week, category, item, qty, price_inr, sort) values (2, 'Fats & Nuts', 'Cheese (block/slices)', '200 g', 180, 31);
insert into public.grocery_template_items (week, category, item, qty, price_inr, sort) values (2, 'Fruits & Veg', 'Bananas', '14 pcs', 140, 32);
insert into public.grocery_template_items (week, category, item, qty, price_inr, sort) values (2, 'Fruits & Veg', 'Mango (seasonal)', '1 kg', 150, 33);
insert into public.grocery_template_items (week, category, item, qty, price_inr, sort) values (2, 'Fruits & Veg', 'Mixed vegetables', '3 kg', 240, 34);
insert into public.grocery_template_items (week, category, item, qty, price_inr, sort) values (2, 'Fruits & Veg', 'Spinach, capsicum', '1 kg', 100, 35);
insert into public.grocery_template_items (week, category, item, qty, price_inr, sort) values (3, 'Protein', 'Eggs', '30 pcs', 210, 36);
insert into public.grocery_template_items (week, category, item, qty, price_inr, sort) values (3, 'Protein', 'Chicken breast/mince', '1.5 kg', 450, 37);
insert into public.grocery_template_items (week, category, item, qty, price_inr, sort) values (3, 'Protein', 'Paneer', '1 kg', 400, 38);
insert into public.grocery_template_items (week, category, item, qty, price_inr, sort) values (3, 'Protein', 'Milk', '7 L', 490, 39);
insert into public.grocery_template_items (week, category, item, qty, price_inr, sort) values (3, 'Protein', 'Greek yogurt / thick curd', '500 g', 180, 40);
insert into public.grocery_template_items (week, category, item, qty, price_inr, sort) values (3, 'Carbs', 'Rice', '3 kg', 240, 41);
insert into public.grocery_template_items (week, category, item, qty, price_inr, sort) values (3, 'Carbs', 'Whole wheat flour', '2 kg', 110, 42);
insert into public.grocery_template_items (week, category, item, qty, price_inr, sort) values (3, 'Carbs', 'Oats', '500 g', 150, 43);
insert into public.grocery_template_items (week, category, item, qty, price_inr, sort) values (3, 'Carbs', 'Pizza base / dough flour', '500 g', 100, 44);
insert into public.grocery_template_items (week, category, item, qty, price_inr, sort) values (3, 'Fats & Nuts', 'Peanut butter', '1 jar (500g)', 350, 45);
insert into public.grocery_template_items (week, category, item, qty, price_inr, sort) values (3, 'Fats & Nuts', 'Almonds', '250 g', 300, 46);
insert into public.grocery_template_items (week, category, item, qty, price_inr, sort) values (3, 'Fats & Nuts', 'Mixed nuts', '200 g', 260, 47);
insert into public.grocery_template_items (week, category, item, qty, price_inr, sort) values (3, 'Fats & Nuts', 'Dates', '250 g', 150, 48);
insert into public.grocery_template_items (week, category, item, qty, price_inr, sort) values (3, 'Fruits & Veg', 'Bananas', '14 pcs', 140, 49);
insert into public.grocery_template_items (week, category, item, qty, price_inr, sort) values (3, 'Fruits & Veg', 'Apples, oranges', '1.5 kg', 200, 50);
insert into public.grocery_template_items (week, category, item, qty, price_inr, sort) values (3, 'Fruits & Veg', 'Mixed vegetables', '3 kg', 240, 51);
insert into public.grocery_template_items (week, category, item, qty, price_inr, sort) values (3, 'Fruits & Veg', 'Onion, tomato, garlic', '2 kg', 130, 52);
insert into public.grocery_template_items (week, category, item, qty, price_inr, sort) values (4, 'Protein', 'Eggs', '24 pcs', 170, 53);
insert into public.grocery_template_items (week, category, item, qty, price_inr, sort) values (4, 'Protein', 'Chicken (mixed cuts)', '1.5 kg', 450, 54);
insert into public.grocery_template_items (week, category, item, qty, price_inr, sort) values (4, 'Protein', 'Fish', '500 g', 200, 55);
insert into public.grocery_template_items (week, category, item, qty, price_inr, sort) values (4, 'Protein', 'Milk', '7 L', 490, 56);
insert into public.grocery_template_items (week, category, item, qty, price_inr, sort) values (4, 'Protein', 'Dal (black/mixed)', '1 kg', 150, 57);
insert into public.grocery_template_items (week, category, item, qty, price_inr, sort) values (4, 'Carbs', 'Rice', '3 kg', 240, 58);
insert into public.grocery_template_items (week, category, item, qty, price_inr, sort) values (4, 'Carbs', 'Whole wheat flour', '2 kg', 110, 59);
insert into public.grocery_template_items (week, category, item, qty, price_inr, sort) values (4, 'Carbs', 'Whole wheat bread', '2 loaves', 100, 60);
insert into public.grocery_template_items (week, category, item, qty, price_inr, sort) values (4, 'Carbs', 'Besan (gram flour)', '500 g', 70, 61);
insert into public.grocery_template_items (week, category, item, qty, price_inr, sort) values (4, 'Fats & Nuts', 'Peanut butter', '1 jar (500g)', 350, 62);
insert into public.grocery_template_items (week, category, item, qty, price_inr, sort) values (4, 'Fats & Nuts', 'Walnuts, cashews', '250 g', 400, 63);
insert into public.grocery_template_items (week, category, item, qty, price_inr, sort) values (4, 'Fats & Nuts', 'Ghee/butter', '500 g', 350, 64);
insert into public.grocery_template_items (week, category, item, qty, price_inr, sort) values (4, 'Fats & Nuts', 'Cocoa powder', '100 g', 120, 65);
insert into public.grocery_template_items (week, category, item, qty, price_inr, sort) values (4, 'Fruits & Veg', 'Bananas', '14 pcs', 140, 66);
insert into public.grocery_template_items (week, category, item, qty, price_inr, sort) values (4, 'Fruits & Veg', 'Seasonal fruit', '1 kg', 150, 67);
insert into public.grocery_template_items (week, category, item, qty, price_inr, sort) values (4, 'Fruits & Veg', 'Mixed vegetables', '3 kg', 240, 68);
insert into public.grocery_template_items (week, category, item, qty, price_inr, sort) values (4, 'Fruits & Veg', 'Spinach, beans, carrot', '1.5 kg', 150, 69);

-- workout days
insert into public.workout_days (id, day_name, focus, sort) values ('monday', 'Monday', 'Chest & Triceps', 0) on conflict (id) do update set day_name = excluded.day_name, focus = excluded.focus, sort = excluded.sort;
insert into public.workout_days (id, day_name, focus, sort) values ('tuesday', 'Tuesday', 'Back & Biceps', 1) on conflict (id) do update set day_name = excluded.day_name, focus = excluded.focus, sort = excluded.sort;
insert into public.workout_days (id, day_name, focus, sort) values ('wednesday', 'Wednesday', 'Legs', 2) on conflict (id) do update set day_name = excluded.day_name, focus = excluded.focus, sort = excluded.sort;
insert into public.workout_days (id, day_name, focus, sort) values ('thursday', 'Thursday', 'Rest / Mobility', 3) on conflict (id) do update set day_name = excluded.day_name, focus = excluded.focus, sort = excluded.sort;
insert into public.workout_days (id, day_name, focus, sort) values ('friday', 'Friday', 'Shoulders & Arms', 4) on conflict (id) do update set day_name = excluded.day_name, focus = excluded.focus, sort = excluded.sort;
insert into public.workout_days (id, day_name, focus, sort) values ('saturday', 'Saturday', 'Full Body (Compound Focus)', 5) on conflict (id) do update set day_name = excluded.day_name, focus = excluded.focus, sort = excluded.sort;
insert into public.workout_days (id, day_name, focus, sort) values ('sunday', 'Sunday', 'Rest', 6) on conflict (id) do update set day_name = excluded.day_name, focus = excluded.focus, sort = excluded.sort;

-- workout exercises
delete from public.workout_exercises;
insert into public.workout_exercises (workout_day_id, name, sets, reps, sort) values ('monday', 'Barbell / Dumbbell Bench Press', '4', '8–10', 0);
insert into public.workout_exercises (workout_day_id, name, sets, reps, sort) values ('monday', 'Incline Dumbbell Press', '3', '10–12', 1);
insert into public.workout_exercises (workout_day_id, name, sets, reps, sort) values ('monday', 'Push-ups', '3', 'To near failure', 2);
insert into public.workout_exercises (workout_day_id, name, sets, reps, sort) values ('monday', 'Triceps Dips / Pushdowns', '3', '10–12', 3);
insert into public.workout_exercises (workout_day_id, name, sets, reps, sort) values ('tuesday', 'Deadlifts', '4', '6–8', 0);
insert into public.workout_exercises (workout_day_id, name, sets, reps, sort) values ('tuesday', 'Pull-ups / Lat Pulldown', '4', '8–10', 1);
insert into public.workout_exercises (workout_day_id, name, sets, reps, sort) values ('tuesday', 'Barbell/Dumbbell Rows', '3', '10–12', 2);
insert into public.workout_exercises (workout_day_id, name, sets, reps, sort) values ('tuesday', 'Bicep Curls', '3', '10–12', 3);
insert into public.workout_exercises (workout_day_id, name, sets, reps, sort) values ('wednesday', 'Squats', '4', '8–10', 0);
insert into public.workout_exercises (workout_day_id, name, sets, reps, sort) values ('wednesday', 'Leg Press / Lunges', '3', '10–12', 1);
insert into public.workout_exercises (workout_day_id, name, sets, reps, sort) values ('wednesday', 'Romanian Deadlifts', '3', '10–12', 2);
insert into public.workout_exercises (workout_day_id, name, sets, reps, sort) values ('wednesday', 'Calf Raises', '3', '15', 3);
insert into public.workout_exercises (workout_day_id, name, sets, reps, sort) values ('thursday', 'Light walk or stretching', '-', '20–30 min', 0);
insert into public.workout_exercises (workout_day_id, name, sets, reps, sort) values ('friday', 'Overhead Press', '4', '8–10', 0);
insert into public.workout_exercises (workout_day_id, name, sets, reps, sort) values ('friday', 'Lateral Raises', '3', '12–15', 1);
insert into public.workout_exercises (workout_day_id, name, sets, reps, sort) values ('friday', 'Barbell/Dumbbell Rows', '3', '10–12', 2);
insert into public.workout_exercises (workout_day_id, name, sets, reps, sort) values ('friday', 'Bicep Curls + Triceps Pushdowns', '3', '12', 3);
insert into public.workout_exercises (workout_day_id, name, sets, reps, sort) values ('saturday', 'Squats', '3', '8–10', 0);
insert into public.workout_exercises (workout_day_id, name, sets, reps, sort) values ('saturday', 'Deadlifts', '3', '6–8', 1);
insert into public.workout_exercises (workout_day_id, name, sets, reps, sort) values ('saturday', 'Bench Press', '3', '8–10', 2);
insert into public.workout_exercises (workout_day_id, name, sets, reps, sort) values ('saturday', 'Bent-over Rows', '3', '10–12', 3);
insert into public.workout_exercises (workout_day_id, name, sets, reps, sort) values ('saturday', 'Overhead Press', '3', '8–10', 4);
insert into public.workout_exercises (workout_day_id, name, sets, reps, sort) values ('sunday', 'Full rest — sleep 7.5–9 hours', '-', '-', 0);

-- habit definitions
insert into public.habit_definitions (key, label, sort) values ('meal1', 'Ate breakfast + wake-up meal', 0) on conflict (key) do update set label = excluded.label, sort = excluded.sort;
insert into public.habit_definitions (key, label, sort) values ('meal2', 'Ate all mid-day meals/snacks', 1) on conflict (key) do update set label = excluded.label, sort = excluded.sort;
insert into public.habit_definitions (key, label, sort) values ('meal3', 'Ate dinner + bedtime meal', 2) on conflict (key) do update set label = excluded.label, sort = excluded.sort;
insert into public.habit_definitions (key, label, sort) values ('water', 'Drank 2.5–3L water', 3) on conflict (key) do update set label = excluded.label, sort = excluded.sort;
insert into public.habit_definitions (key, label, sort) values ('gym', 'Trained / did today''s workout', 4) on conflict (key) do update set label = excluded.label, sort = excluded.sort;
insert into public.habit_definitions (key, label, sort) values ('sleep', 'Slept 7.5–9 hours', 5) on conflict (key) do update set label = excluded.label, sort = excluded.sort;
